任务ID,任务名称,标签,预计时长(小时),实际时长(小时),完成情况,完成人,开始时间,截止时间
T001,用户登录页面优化,"需求
TOP1",8,7.5,已完成,张三,2023-11-01,2023-11-02
T002,修复数据加载慢问题,"故障
TOP1",4,6,已完成,李四,2023-11-01,2023-11-01
T003,数据库索引优化,"改进
TOP2",6,5,已完成,王五,2023-11-02,2023-11-03
T004,移动端适配,"需求
TOP3",12,10,已完成,赵六,2023-11-03,2023-11-05
T005,用户反馈bug修复,故障,3,4,已完成,张三,2023-11-04,2023-11-04
T006,性能监控系统开发,需求,20,18,进行中,李四,2023-11-06,2023-11-10
T007,服务器异常排查,故障,2,3,已完成,王五,2023-11-07,2023-11-07
T008,API文档优化,改进,5,5,已完成,赵六,2023-11-08,2023-11-09
T009,新功能需求分析,需求,8,6,进行中,张三,2023-11-10,2023-11-12
T010,自动化测试脚本编写,改进,10,9,未开始,李四,2023-11-13,2023-11-15
T011,安全漏洞修复,故障,4,3,已完成,王五,2023-11-11,2023-11-11
T012,用户体验调研,需求,6,7,进行中,赵六,2023-11-12,2023-11-14
T013,代码规范整理,改进,3,2.5,已完成,张三,2023-11-13,2023-11-13
T014,系统备份策略优化,改进,4,4,未开始,李四,2023-11-16,2023-11-17
T015,数据迁移工具开发,需求,15,12,进行中,王五,2023-11-14,2023-11-18